{
  "method": "PCA baseline over standardised FIFA/FBRef-style features",
  "n_components": 26,
  "feature_cols": [
    "overall",
    "potential",
    "age",
    "pace",
    "shooting",
    "passing",
    "dribbling",
    "defending",
    "physic",
    "ball_control",
    "finishing",
    "short_passing",
    "long_passing",
    "acceleration",
    "sprint_speed",
    "agility",
    "reactions",
    "balance",
    "shot_power",
    "stamina",
    "strength",
    "interceptions",
    "vision",
    "composure",
    "standing_tackle",
    "sliding_tackle"
  ],
  "explained_variance": [
    0.3835338343863897,
    0.19797397390573993,
    0.12387868475106767,
    0.06058649692500284,
    0.0539865894372606,
    0.04102870578583724,
    0.025151613835354674,
    0.014390609317149252,
    0.013833148440079008,
    0.013146650106601236,
    0.010066632261683653,
    0.009253977061760257,
    0.008454742353052607,
    0.007542908261365944,
    0.007049642015244149,
    0.0052497740930957625,
    0.004736973404623083,
    0.003352417869709569,
    0.003031685957748935,
    0.0028366384404287506,
    0.0026894011142840684,
    0.0026669547134730524,
    0.002435955823132917,
    0.001276912940561076,
    0.0009714305483205296,
    0.00087364625103344
  ],
  "deployed_rows": 45000
}