{
  "method": "PCA baseline over standardised FIFA/FBRef-style features",
  "n_components": 32,
  "feature_cols": [
    "overall",
    "potential",
    "age",
    "height_cm",
    "weight_kg",
    "weak_foot",
    "skill_moves",
    "international_reputation",
    "pace",
    "shooting",
    "passing",
    "dribbling",
    "defending",
    "physic",
    "ball_control",
    "skill_dribbling",
    "crossing",
    "finishing",
    "short_passing",
    "volleys",
    "long_passing",
    "acceleration",
    "sprint_speed",
    "agility",
    "reactions",
    "balance",
    "shot_power",
    "jumping",
    "stamina",
    "strength",
    "long_shots",
    "aggression",
    "interceptions",
    "positioning",
    "vision",
    "composure",
    "marking",
    "standing_tackle",
    "sliding_tackle",
    "perf_Playing Time_90s",
    "perf_Per 90 Minutes_PrgC",
    "perf_Per 90 Minutes_PrgP",
    "perf_Per 90 Minutes_xG",
    "perf_Per 90 Minutes_xAG",
    "perf_Per 90 Minutes_xG+xAG",
    "perf_Per 90 Minutes_npxG",
    "perf_Per 90 Minutes_npxG+xAG",
    "perf_Expected_npxG/Sh",
    "perf_Per 90 Minutes_Expected_A-xAG",
    "perf_SCA_SCA90",
    "perf_Per 90 Minutes_SCA Types_PassLive",
    "perf_Per 90 Minutes_SCA Types_PassDead",
    "perf_Per 90 Minutes_SCA Types_TO",
    "perf_Per 90 Minutes_SCA Types_Sh",
    "perf_Per 90 Minutes_SCA Types_Fld",
    "perf_Per 90 Minutes_SCA Types_Def",
    "perf_GCA_GCA90",
    "perf_Per 90 Minutes_GCA Types_PassLive",
    "perf_Per 90 Minutes_GCA Types_PassDead",
    "perf_Per 90 Minutes_GCA Types_TO",
    "perf_Per 90 Minutes_GCA Types_Sh",
    "perf_Per 90 Minutes_GCA Types_Fld",
    "perf_Per 90 Minutes_GCA Types_Def"
  ],
  "explained_variance": [
    0.2394173754861629,
    0.15063642920765713,
    0.09742695705149318,
    0.05779196150828145,
    0.04754956526314721,
    0.031854018372107995,
    0.026520445013687107,
    0.02456450324285243,
    0.021892095263972938,
    0.020616302062938994,
    0.019231256360951566,
    0.018250262177524706,
    0.016641464662225547,
    0.015408644458159664,
    0.014866282461386044,
    0.013830951024371423,
    0.013254711105888304,
    0.011457891345009363,
    0.01067403579856244,
    0.009799240164011984,
    0.009617834380740615,
    0.00801114002394068,
    0.007851412038325494,
    0.007250533149897382,
    0.006619579005061713,
    0.006277803813050989,
    0.006131546514487034,
    0.005735430895173261,
    0.005673113262765477,
    0.005329421789085343,
    0.0050325128970967045,
    0.0047393756590947906
  ],
  "deployed_rows": 81408
}